id;make;model;fuel_type;aspiration;num_of_doors;body_style;drive_wheels;engine_location;wheel_base;length;width;height;curb_weight;engine_type;num_of_cylinders;engine_size;fuel_system;compression_ratio;horsepower;peak_rpm;city_mpg;highway_mpg;price;;;;
1;alfa-romero;alfa-romero  1;gas;std;two;convertible;rwd;front;88.6;168.8;64.1;48.8;2548;dohc;four;130;0;0;mpfi;9;111;5000;21;27;13495;;CREATE(1:Auto { Model:alfa-romero  1,tipo_combustible:gas, aspiracion:std,numero_puertas:two,Body_style:convertible,Ruedas:rwd,ubicación_Motor:front,Tamano_Motor:130
2;alfa-romero;alfa-romero  2;gas;std;two;convertible;rwd;front;88.6;168.8;64.1;48.8;2548;dohc;four;130;0;0;mpfi;9;111;5000;21;27;16500;;CREATE(2:Auto { Model:alfa-romero  2,tipo_combustible:gas, aspiracion:std,numero_puertas:two,Body_style:convertible,Ruedas:rwd,ubicación_Motor:front,Tamano_Motor:130
3;alfa-romero;alfa-romero  3;gas;std;two;hatchback;rwd;front;94.5;171.2;65.5;52.4;2823;ohcv;six;152;0;0;mpfi;9;154;5000;19;26;16500;;CREATE(3:Auto { Model:alfa-romero  3,tipo_combustible:gas, aspiracion:std,numero_puertas:two,Body_style:hatchback,Ruedas:rwd,ubicación_Motor:front,Tamano_Motor:152
4;audi;audi  4;gas;std;four;sedan;fwd;front;99.8;176.6;66.2;54.3;2337;ohc;four;109;0;0;mpfi;10;102;5500;24;30;13950;;CREATE(4:Auto { Model:audi  4,tipo_combustible:gas, aspiracion:std,numero_puertas:four,Body_style:sedan,Ruedas:fwd,ubicación_Motor:front,Tamano_Motor:109
5;audi;audi  5;gas;std;four;sedan;4wd;front;99.4;176.6;66.4;54.3;2824;ohc;five;136;0;0;mpfi;8;115;5500;18;22;17450;;CREATE(5:Auto { Model:audi  5,tipo_combustible:gas, aspiracion:std,numero_puertas:four,Body_style:sedan,Ruedas:4wd,ubicación_Motor:front,Tamano_Motor:136
6;audi;audi  6;gas;std;two;sedan;fwd;front;99.8;177.3;66.3;53.1;2507;ohc;five;136;0;0;mpfi;8.5;110;5500;19;25;15250;;CREATE(6:Auto { Model:audi  6,tipo_combustible:gas, aspiracion:std,numero_puertas:two,Body_style:sedan,Ruedas:fwd,ubicación_Motor:front,Tamano_Motor:136
7;audi;audi  7;gas;std;four;sedan;fwd;front;105.8;192.7;71.4;55.7;2844;ohc;five;136;0;0;mpfi;8.5;110;5500;19;25;17710;;CREATE(7:Auto { Model:audi  7,tipo_combustible:gas, aspiracion:std,numero_puertas:four,Body_style:sedan,Ruedas:fwd,ubicación_Motor:front,Tamano_Motor:136
8;audi;audi  8;gas;std;four;wagon;fwd;front;105.8;192.7;71.4;55.7;2954;ohc;five;136;0;0;mpfi;8.5;110;5500;19;25;18920;;CREATE(8:Auto { Model:audi  8,tipo_combustible:gas, aspiracion:std,numero_puertas:four,Body_style:wagon,Ruedas:fwd,ubicación_Motor:front,Tamano_Motor:136
9;audi;audi  9;gas;turbo;four;sedan;fwd;front;105.8;192.7;71.4;55.9;3086;ohc;five;131;0;0;mpfi;8.3;140;5500;17;20;23875;;CREATE(9:Auto { Model:audi  9,tipo_combustible:gas, aspiracion:turbo,numero_puertas:four,Body_style:sedan,Ruedas:fwd,ubicación_Motor:front,Tamano_Motor:131
10;audi;audi  10;gas;turbo;two;hatchback;4wd;front;99.5;178.2;67.9;52;3053;ohc;five;131;0;0;mpfi;7;160;5500;16;22;?;;CREATE(10:Auto { Model:audi  10,tipo_combustible:gas, aspiracion:turbo,numero_puertas:two,Body_style:hatchback,Ruedas:4wd,ubicación_Motor:front,Tamano_Motor:131
11;bmw;bmw  11;gas;std;two;sedan;rwd;front;101.2;176.8;64.8;54.3;2395;ohc;four;108;0;0;mpfi;8.8;101;5800;23;29;16430;;CREATE(11:Auto { Model:bmw  11,tipo_combustible:gas, aspiracion:std,numero_puertas:two,Body_style:sedan,Ruedas:rwd,ubicación_Motor:front,Tamano_Motor:108
12;bmw;bmw  12;gas;std;four;sedan;rwd;front;101.2;176.8;64.8;54.3;2395;ohc;four;108;0;0;mpfi;8.8;101;5800;23;29;16925;;CREATE(12:Auto { Model:bmw  12,tipo_combustible:gas, aspiracion:std,numero_puertas:four,Body_style:sedan,Ruedas:rwd,ubicación_Motor:front,Tamano_Motor:108
13;bmw;bmw  13;gas;std;two;sedan;rwd;front;101.2;176.8;64.8;54.3;2710;ohc;six;164;0;0;mpfi;9;121;4250;21;28;20970;;CREATE(13:Auto { Model:bmw  13,tipo_combustible:gas, aspiracion:std,numero_puertas:two,Body_style:sedan,Ruedas:rwd,ubicación_Motor:front,Tamano_Motor:164
14;bmw;bmw  14;gas;std;four;sedan;rwd;front;101.2;176.8;64.8;54.3;2765;ohc;six;164;0;0;mpfi;9;121;4250;21;28;21105;;CREATE(14:Auto { Model:bmw  14,tipo_combustible:gas, aspiracion:std,numero_puertas:four,Body_style:sedan,Ruedas:rwd,ubicación_Motor:front,Tamano_Motor:164
15;bmw;bmw  15;gas;std;four;sedan;rwd;front;103.5;189;66.9;55.7;3055;ohc;six;164;0;0;mpfi;9;121;4250;20;25;24565;;CREATE(15:Auto { Model:bmw  15,tipo_combustible:gas, aspiracion:std,numero_puertas:four,Body_style:sedan,Ruedas:rwd,ubicación_Motor:front,Tamano_Motor:164
16;bmw;bmw  16;gas;std;four;sedan;rwd;front;103.5;189;66.9;55.7;3230;ohc;six;209;0;0;mpfi;8;182;5400;16;22;30760;;CREATE(16:Auto { Model:bmw  16,tipo_combustible:gas, aspiracion:std,numero_puertas:four,Body_style:sedan,Ruedas:rwd,ubicación_Motor:front,Tamano_Motor:209
17;bmw;bmw  17;gas;std;two;sedan;rwd;front;103.5;193.8;67.9;53.7;3380;ohc;six;209;0;0;mpfi;8;182;5400;16;22;41315;;CREATE(17:Auto { Model:bmw  17,tipo_combustible:gas, aspiracion:std,numero_puertas:two,Body_style:sedan,Ruedas:rwd,ubicación_Motor:front,Tamano_Motor:209
18;bmw;bmw  18;gas;std;four;sedan;rwd;front;110;197;70.9;56.3;3505;ohc;six;209;0;0;mpfi;8;182;5400;15;20;36880;;CREATE(18:Auto { Model:bmw  18,tipo_combustible:gas, aspiracion:std,numero_puertas:four,Body_style:sedan,Ruedas:rwd,ubicación_Motor:front,Tamano_Motor:209
19;chevrolet;chevrolet  19;gas;std;two;hatchback;fwd;front;88.4;141.1;60.3;53.2;1488;l;three;61;0;0;2bbl;9.5;48;5100;47;53;5151;;CREATE(19:Auto { Model:chevrolet  19,tipo_combustible:gas, aspiracion:std,numero_puertas:two,Body_style:hatchback,Ruedas:fwd,ubicación_Motor:front,Tamano_Motor:61
20;chevrolet;chevrolet  20;gas;std;two;hatchback;fwd;front;94.5;155.9;63.6;52;1874;ohc;four;90;0;0;2bbl;9.6;70;5400;38;43;6295;;CREATE(20:Auto { Model:chevrolet  20,tipo_combustible:gas, aspiracion:std,numero_puertas:two,Body_style:hatchback,Ruedas:fwd,ubicación_Motor:front,Tamano_Motor:90
21;chevrolet;chevrolet  21;gas;std;four;sedan;fwd;front;94.5;158.8;63.6;52;1909;ohc;four;90;0;0;2bbl;9.6;70;5400;38;43;6575;;CREATE(21:Auto { Model:chevrolet  21,tipo_combustible:gas, aspiracion:std,numero_puertas:four,Body_style:sedan,Ruedas:fwd,ubicación_Motor:front,Tamano_Motor:90
22;dodge;dodge  22;gas;std;two;hatchback;fwd;front;93.7;157.3;63.8;50.8;1876;ohc;four;90;0;0;2bbl;9.41;68;5500;37;41;5572;;CREATE(22:Auto { Model:dodge  22,tipo_combustible:gas, aspiracion:std,numero_puertas:two,Body_style:hatchback,Ruedas:fwd,ubicación_Motor:front,Tamano_Motor:90
23;dodge;dodge  23;gas;std;two;hatchback;fwd;front;93.7;157.3;63.8;50.8;1876;ohc;four;90;0;0;2bbl;9.4;68;5500;31;38;6377;;CREATE(23:Auto { Model:dodge  23,tipo_combustible:gas, aspiracion:std,numero_puertas:two,Body_style:hatchback,Ruedas:fwd,ubicación_Motor:front,Tamano_Motor:90
24;dodge;dodge  24;gas;turbo;two;hatchback;fwd;front;93.7;157.3;63.8;50.8;2128;ohc;four;98;0;0;mpfi;7.6;102;5500;24;30;7957;;CREATE(24:Auto { Model:dodge  24,tipo_combustible:gas, aspiracion:turbo,numero_puertas:two,Body_style:hatchback,Ruedas:fwd,ubicación_Motor:front,Tamano_Motor:98
25;dodge;dodge  25;gas;std;four;hatchback;fwd;front;93.7;157.3;63.8;50.6;1967;ohc;four;90;0;0;2bbl;9.4;68;5500;31;38;6229;;CREATE(25:Auto { Model:dodge  25,tipo_combustible:gas, aspiracion:std,numero_puertas:four,Body_style:hatchback,Ruedas:fwd,ubicación_Motor:front,Tamano_Motor:90
26;dodge;dodge  26;gas;std;four;sedan;fwd;front;93.7;157.3;63.8;50.6;1989;ohc;four;90;0;0;2bbl;9.4;68;5500;31;38;6692;;CREATE(26:Auto { Model:dodge  26,tipo_combustible:gas, aspiracion:std,numero_puertas:four,Body_style:sedan,Ruedas:fwd,ubicación_Motor:front,Tamano_Motor:90
27;dodge;dodge  27;gas;std;four;sedan;fwd;front;93.7;157.3;63.8;50.6;1989;ohc;four;90;0;0;2bbl;9.4;68;5500;31;38;7609;;CREATE(27:Auto { Model:dodge  27,tipo_combustible:gas, aspiracion:std,numero_puertas:four,Body_style:sedan,Ruedas:fwd,ubicación_Motor:front,Tamano_Motor:90
28;dodge;dodge  28;gas;turbo;?;sedan;fwd;front;93.7;157.3;63.8;50.6;2191;ohc;four;98;0;0;mpfi;7.6;102;5500;24;30;8558;;CREATE(28:Auto { Model:dodge  28,tipo_combustible:gas, aspiracion:turbo,numero_puertas:?,Body_style:sedan,Ruedas:fwd,ubicación_Motor:front,Tamano_Motor:98
29;dodge;dodge  29;gas;std;four;wagon;fwd;front;103.3;174.6;64.6;59.8;2535;ohc;four;122;0;0;2bbl;8.5;88;5000;24;30;8921;;CREATE(29:Auto { Model:dodge  29,tipo_combustible:gas, aspiracion:std,numero_puertas:four,Body_style:wagon,Ruedas:fwd,ubicación_Motor:front,Tamano_Motor:122
30;dodge;dodge  30;gas;turbo;two;hatchback;fwd;front;95.9;173.2;66.3;50.2;2811;ohc;four;156;0;0;mfi;7;145;5000;19;24;12964;;CREATE(30:Auto { Model:dodge  30,tipo_combustible:gas, aspiracion:turbo,numero_puertas:two,Body_style:hatchback,Ruedas:fwd,ubicación_Motor:front,Tamano_Motor:156
31;honda;honda  31;gas;std;two;hatchback;fwd;front;86.6;144.6;63.9;50.8;1713;ohc;four;92;0;0;1bbl;9.6;58;4800;49;54;6479;;CREATE(31:Auto { Model:honda  31,tipo_combustible:gas, aspiracion:std,numero_puertas:two,Body_style:hatchback,Ruedas:fwd,ubicación_Motor:front,Tamano_Motor:92
32;honda;honda  32;gas;std;two;hatchback;fwd;front;86.6;144.6;63.9;50.8;1819;ohc;four;92;0;0;1bbl;9.2;76;6000;31;38;6855;;CREATE(32:Auto { Model:honda  32,tipo_combustible:gas, aspiracion:std,numero_puertas:two,Body_style:hatchback,Ruedas:fwd,ubicación_Motor:front,Tamano_Motor:92
33;honda;honda  33;gas;std;two;hatchback;fwd;front;93.7;150;64;52.6;1837;ohc;four;79;0;0;1bbl;10.1;60;5500;38;42;5399;;CREATE(33:Auto { Model:honda  33,tipo_combustible:gas, aspiracion:std,numero_puertas:two,Body_style:hatchback,Ruedas:fwd,ubicación_Motor:front,Tamano_Motor:79
34;honda;honda  34;gas;std;two;hatchback;fwd;front;93.7;150;64;52.6;1940;ohc;four;92;0;0;1bbl;9.2;76;6000;30;34;6529;;CREATE(34:Auto { Model:honda  34,tipo_combustible:gas, aspiracion:std,numero_puertas:two,Body_style:hatchback,Ruedas:fwd,ubicación_Motor:front,Tamano_Motor:92
35;honda;honda  35;gas;std;two;hatchback;fwd;front;93.7;150;64;52.6;1956;ohc;four;92;0;0;1bbl;9.2;76;6000;30;34;7129;;CREATE(35:Auto { Model:honda  35,tipo_combustible:gas, aspiracion:std,numero_puertas:two,Body_style:hatchback,Ruedas:fwd,ubicación_Motor:front,Tamano_Motor:92
36;honda;honda  36;gas;std;four;sedan;fwd;front;96.5;163.4;64;54.5;2010;ohc;four;92;0;0;1bbl;9.2;76;6000;30;34;7295;;CREATE(36:Auto { Model:honda  36,tipo_combustible:gas, aspiracion:std,numero_puertas:four,Body_style:sedan,Ruedas:fwd,ubicación_Motor:front,Tamano_Motor:92
37;honda;honda  37;gas;std;four;wagon;fwd;front;96.5;157.1;63.9;58.3;2024;ohc;four;92;0;0;1bbl;9.2;76;6000;30;34;7295;;CREATE(37:Auto { Model:honda  37,tipo_combustible:gas, aspiracion:std,numero_puertas:four,Body_style:wagon,Ruedas:fwd,ubicación_Motor:front,Tamano_Motor:92
38;honda;honda  38;gas;std;two;hatchback;fwd;front;96.5;167.5;65.2;53.3;2236;ohc;four;110;0;0;1bbl;9;86;5800;27;33;7895;;CREATE(38:Auto { Model:honda  38,tipo_combustible:gas, aspiracion:std,numero_puertas:two,Body_style:hatchback,Ruedas:fwd,ubicación_Motor:front,Tamano_Motor:110
39;honda;honda  39;gas;std;two;hatchback;fwd;front;96.5;167.5;65.2;53.3;2289;ohc;four;110;0;0;1bbl;9;86;5800;27;33;9095;;CREATE(39:Auto { Model:honda  39,tipo_combustible:gas, aspiracion:std,numero_puertas:two,Body_style:hatchback,Ruedas:fwd,ubicación_Motor:front,Tamano_Motor:110
40;honda;honda  40;gas;std;four;sedan;fwd;front;96.5;175.4;65.2;54.1;2304;ohc;four;110;0;0;1bbl;9;86;5800;27;33;8845;;CREATE(40:Auto { Model:honda  40,tipo_combustible:gas, aspiracion:std,numero_puertas:four,Body_style:sedan,Ruedas:fwd,ubicación_Motor:front,Tamano_Motor:110
41;honda;honda  41;gas;std;four;sedan;fwd;front;96.5;175.4;62.5;54.1;2372;ohc;four;110;0;0;1bbl;9;86;5800;27;33;10295;;CREATE(41:Auto { Model:honda  41,tipo_combustible:gas, aspiracion:std,numero_puertas:four,Body_style:sedan,Ruedas:fwd,ubicación_Motor:front,Tamano_Motor:110
42;honda;honda  42;gas;std;four;sedan;fwd;front;96.5;175.4;65.2;54.1;2465;ohc;four;110;0;0;mpfi;9;101;5800;24;28;12945;;CREATE(42:Auto { Model:honda  42,tipo_combustible:gas, aspiracion:std,numero_puertas:four,Body_style:sedan,Ruedas:fwd,ubicación_Motor:front,Tamano_Motor:110
43;honda;honda  43;gas;std;two;sedan;fwd;front;96.5;169.1;66;51;2293;ohc;four;110;0;0;2bbl;9.1;100;5500;25;31;10345;;CREATE(43:Auto { Model:honda  43,tipo_combustible:gas, aspiracion:std,numero_puertas:two,Body_style:sedan,Ruedas:fwd,ubicación_Motor:front,Tamano_Motor:110
44;isuzu;isuzu  44;gas;std;four;sedan;rwd;front;94.3;170.7;61.8;53.5;2337;ohc;four;111;0;0;2bbl;8.5;78;4800;24;29;6785;;CREATE(44:Auto { Model:isuzu  44,tipo_combustible:gas, aspiracion:std,numero_puertas:four,Body_style:sedan,Ruedas:rwd,ubicación_Motor:front,Tamano_Motor:111
45;isuzu;isuzu  45;gas;std;two;sedan;fwd;front;94.5;155.9;63.6;52;1874;ohc;four;90;0;0;2bbl;9.6;70;5400;38;43;?;;CREATE(45:Auto { Model:isuzu  45,tipo_combustible:gas, aspiracion:std,numero_puertas:two,Body_style:sedan,Ruedas:fwd,ubicación_Motor:front,Tamano_Motor:90
46;isuzu;isuzu  46;gas;std;four;sedan;fwd;front;94.5;155.9;63.6;52;1909;ohc;four;90;0;0;2bbl;9.6;70;5400;38;43;?;;CREATE(46:Auto { Model:isuzu  46,tipo_combustible:gas, aspiracion:std,numero_puertas:four,Body_style:sedan,Ruedas:fwd,ubicación_Motor:front,Tamano_Motor:90
47;isuzu;isuzu  47;gas;std;two;hatchback;rwd;front;96;172.6;65.2;51.4;2734;ohc;four;119;0;0;spfi;9.2;90;5000;24;29;11048;;CREATE(47:Auto { Model:isuzu  47,tipo_combustible:gas, aspiracion:std,numero_puertas:two,Body_style:hatchback,Ruedas:rwd,ubicación_Motor:front,Tamano_Motor:119
48;jaguar;jaguar  48;gas;std;four;sedan;rwd;front;113;199.6;69.6;52.8;4066;dohc;six;258;0;0;mpfi;8.1;176;4750;15;19;32250;;CREATE(48:Auto { Model:jaguar  48,tipo_combustible:gas, aspiracion:std,numero_puertas:four,Body_style:sedan,Ruedas:rwd,ubicación_Motor:front,Tamano_Motor:258
49;jaguar;jaguar  49;gas;std;four;sedan;rwd;front;113;199.6;69.6;52.8;4066;dohc;six;258;0;0;mpfi;8.1;176;4750;15;19;35550;;CREATE(49:Auto { Model:jaguar  49,tipo_combustible:gas, aspiracion:std,numero_puertas:four,Body_style:sedan,Ruedas:rwd,ubicación_Motor:front,Tamano_Motor:258
50;jaguar;jaguar  50;gas;std;two;sedan;rwd;front;102;191.7;70.6;47.8;3950;ohcv;twelve;326;0;0;mpfi;11.5;262;5000;13;17;36000;;CREATE(50:Auto { Model:jaguar  50,tipo_combustible:gas, aspiracion:std,numero_puertas:two,Body_style:sedan,Ruedas:rwd,ubicación_Motor:front,Tamano_Motor:326
51;mazda;mazda  51;gas;std;two;hatchback;fwd;front;93.1;159.1;64.2;54.1;1890;ohc;four;91;0;0;2bbl;9;68;5000;30;31;5195;;CREATE(51:Auto { Model:mazda  51,tipo_combustible:gas, aspiracion:std,numero_puertas:two,Body_style:hatchback,Ruedas:fwd,ubicación_Motor:front,Tamano_Motor:91
52;mazda;mazda  52;gas;std;two;hatchback;fwd;front;93.1;159.1;64.2;54.1;1900;ohc;four;91;0;0;2bbl;9;68;5000;31;38;6095;;CREATE(52:Auto { Model:mazda  52,tipo_combustible:gas, aspiracion:std,numero_puertas:two,Body_style:hatchback,Ruedas:fwd,ubicación_Motor:front,Tamano_Motor:91
53;mazda;mazda  53;gas;std;two;hatchback;fwd;front;93.1;159.1;64.2;54.1;1905;ohc;four;91;0;0;2bbl;9;68;5000;31;38;6795;;CREATE(53:Auto { Model:mazda  53,tipo_combustible:gas, aspiracion:std,numero_puertas:two,Body_style:hatchback,Ruedas:fwd,ubicación_Motor:front,Tamano_Motor:91
54;mazda;mazda  54;gas;std;four;sedan;fwd;front;93.1;166.8;64.2;54.1;1945;ohc;four;91;0;0;2bbl;9;68;5000;31;38;6695;;CREATE(54:Auto { Model:mazda  54,tipo_combustible:gas, aspiracion:std,numero_puertas:four,Body_style:sedan,Ruedas:fwd,ubicación_Motor:front,Tamano_Motor:91
55;mazda;mazda  55;gas;std;four;sedan;fwd;front;93.1;166.8;64.2;54.1;1950;ohc;four;91;0;0;2bbl;9;68;5000;31;38;7395;;CREATE(55:Auto { Model:mazda  55,tipo_combustible:gas, aspiracion:std,numero_puertas:four,Body_style:sedan,Ruedas:fwd,ubicación_Motor:front,Tamano_Motor:91
56;mazda;mazda  56;gas;std;two;hatchback;rwd;front;95.3;169;65.7;49.6;2380;rotor;two;70;0;0;4bbl;9.4;101;6000;17;23;10945;;CREATE(56:Auto { Model:mazda  56,tipo_combustible:gas, aspiracion:std,numero_puertas:two,Body_style:hatchback,Ruedas:rwd,ubicación_Motor:front,Tamano_Motor:70
57;mazda;mazda  57;gas;std;two;hatchback;rwd;front;95.3;169;65.7;49.6;2380;rotor;two;70;0;0;4bbl;9.4;101;6000;17;23;11845;;CREATE(57:Auto { Model:mazda  57,tipo_combustible:gas, aspiracion:std,numero_puertas:two,Body_style:hatchback,Ruedas:rwd,ubicación_Motor:front,Tamano_Motor:70
58;mazda;mazda  58;gas;std;two;hatchback;rwd;front;95.3;169;65.7;49.6;2385;rotor;two;70;0;0;4bbl;9.4;101;6000;17;23;13645;;CREATE(58:Auto { Model:mazda  58,tipo_combustible:gas, aspiracion:std,numero_puertas:two,Body_style:hatchback,Ruedas:rwd,ubicación_Motor:front,Tamano_Motor:70
59;mazda;mazda  59;gas;std;two;hatchback;rwd;front;95.3;169;65.7;49.6;2500;rotor;two;80;0;0;mpfi;9.4;135;6000;16;23;15645;;CREATE(59:Auto { Model:mazda  59,tipo_combustible:gas, aspiracion:std,numero_puertas:two,Body_style:hatchback,Ruedas:rwd,ubicación_Motor:front,Tamano_Motor:80
60;mazda;mazda  60;gas;std;two;hatchback;fwd;front;98.8;177.8;66.5;53.7;2385;ohc;four;122;0;0;2bbl;8.6;84;4800;26;32;8845;;CREATE(60:Auto { Model:mazda  60,tipo_combustible:gas, aspiracion:std,numero_puertas:two,Body_style:hatchback,Ruedas:fwd,ubicación_Motor:front,Tamano_Motor:122
61;mazda;mazda  61;gas;std;four;sedan;fwd;front;98.8;177.8;66.5;55.5;2410;ohc;four;122;0;0;2bbl;8.6;84;4800;26;32;8495;;CREATE(61:Auto { Model:mazda  61,tipo_combustible:gas, aspiracion:std,numero_puertas:four,Body_style:sedan,Ruedas:fwd,ubicación_Motor:front,Tamano_Motor:122
62;mazda;mazda  62;gas;std;two;hatchback;fwd;front;98.8;177.8;66.5;53.7;2385;ohc;four;122;0;0;2bbl;8.6;84;4800;26;32;10595;;CREATE(62:Auto { Model:mazda  62,tipo_combustible:gas, aspiracion:std,numero_puertas:two,Body_style:hatchback,Ruedas:fwd,ubicación_Motor:front,Tamano_Motor:122
63;mazda;mazda  63;gas;std;four;sedan;fwd;front;98.8;177.8;66.5;55.5;2410;ohc;four;122;0;0;2bbl;8.6;84;4800;26;32;10245;;CREATE(63:Auto { Model:mazda  63,tipo_combustible:gas, aspiracion:std,numero_puertas:four,Body_style:sedan,Ruedas:fwd,ubicación_Motor:front,Tamano_Motor:122
64;mazda;mazda  64;diesel;std;?;sedan;fwd;front;98.8;177.8;66.5;55.5;2443;ohc;four;122;0;0;idi;22.7;64;4650;36;42;10795;;CREATE(64:Auto { Model:mazda  64,tipo_combustible:diesel, aspiracion:std,numero_puertas:?,Body_style:sedan,Ruedas:fwd,ubicación_Motor:front,Tamano_Motor:122
65;mazda;mazda  65;gas;std;four;hatchback;fwd;front;98.8;177.8;66.5;55.5;2425;ohc;four;122;0;0;2bbl;8.6;84;4800;26;32;11245;;CREATE(65:Auto { Model:mazda  65,tipo_combustible:gas, aspiracion:std,numero_puertas:four,Body_style:hatchback,Ruedas:fwd,ubicación_Motor:front,Tamano_Motor:122
66;mazda;mazda  66;gas;std;four;sedan;rwd;front;104.9;175;66.1;54.4;2670;ohc;four;140;0;0;mpfi;8;120;5000;19;27;18280;;CREATE(66:Auto { Model:mazda  66,tipo_combustible:gas, aspiracion:std,numero_puertas:four,Body_style:sedan,Ruedas:rwd,ubicación_Motor:front,Tamano_Motor:140
67;mazda;mazda  67;diesel;std;four;sedan;rwd;front;104.9;175;66.1;54.4;2700;ohc;four;134;0;0;idi;22;72;4200;31;39;18344;;CREATE(67:Auto { Model:mazda  67,tipo_combustible:diesel, aspiracion:std,numero_puertas:four,Body_style:sedan,Ruedas:rwd,ubicación_Motor:front,Tamano_Motor:134
68;mercedes-benz;mercedes-benz  68;diesel;turbo;four;sedan;rwd;front;110;190.9;70.3;56.5;3515;ohc;five;183;0;0;idi;21.5;123;4350;22;25;25552;;CREATE(68:Auto { Model:mercedes-benz  68,tipo_combustible:diesel, aspiracion:turbo,numero_puertas:four,Body_style:sedan,Ruedas:rwd,ubicación_Motor:front,Tamano_Motor:183
69;mercedes-benz;mercedes-benz  69;diesel;turbo;four;wagon;rwd;front;110;190.9;70.3;58.7;3750;ohc;five;183;0;0;idi;21.5;123;4350;22;25;28248;;CREATE(69:Auto { Model:mercedes-benz  69,tipo_combustible:diesel, aspiracion:turbo,numero_puertas:four,Body_style:wagon,Ruedas:rwd,ubicación_Motor:front,Tamano_Motor:183
70;mercedes-benz;mercedes-benz  70;diesel;turbo;two;hardtop;rwd;front;106.7;187.5;70.3;54.9;3495;ohc;five;183;0;0;idi;21.5;123;4350;22;25;28176;;CREATE(70:Auto { Model:mercedes-benz  70,tipo_combustible:diesel, aspiracion:turbo,numero_puertas:two,Body_style:hardtop,Ruedas:rwd,ubicación_Motor:front,Tamano_Motor:183
71;mercedes-benz;mercedes-benz  71;diesel;turbo;four;sedan;rwd;front;115.6;202.6;71.7;56.3;3770;ohc;five;183;0;0;idi;21.5;123;4350;22;25;31600;;CREATE(71:Auto { Model:mercedes-benz  71,tipo_combustible:diesel, aspiracion:turbo,numero_puertas:four,Body_style:sedan,Ruedas:rwd,ubicación_Motor:front,Tamano_Motor:183
72;mercedes-benz;mercedes-benz  72;gas;std;four;sedan;rwd;front;115.6;202.6;71.7;56.5;3740;ohcv;eight;234;0;0;mpfi;8.3;155;4750;16;18;34184;;CREATE(72:Auto { Model:mercedes-benz  72,tipo_combustible:gas, aspiracion:std,numero_puertas:four,Body_style:sedan,Ruedas:rwd,ubicación_Motor:front,Tamano_Motor:234
73;mercedes-benz;mercedes-benz  73;gas;std;two;convertible;rwd;front;96.6;180.3;70.5;50.8;3685;ohcv;eight;234;0;0;mpfi;8.3;155;4750;16;18;35056;;CREATE(73:Auto { Model:mercedes-benz  73,tipo_combustible:gas, aspiracion:std,numero_puertas:two,Body_style:convertible,Ruedas:rwd,ubicación_Motor:front,Tamano_Motor:234
74;mercedes-benz;mercedes-benz  74;gas;std;four;sedan;rwd;front;120.9;208.1;71.7;56.7;3900;ohcv;eight;308;0;0;mpfi;8;184;4500;14;16;40960;;CREATE(74:Auto { Model:mercedes-benz  74,tipo_combustible:gas, aspiracion:std,numero_puertas:four,Body_style:sedan,Ruedas:rwd,ubicación_Motor:front,Tamano_Motor:308
75;mercedes-benz;mercedes-benz  75;gas;std;two;hardtop;rwd;front;112;199.2;72;55.4;3715;ohcv;eight;304;0;0;mpfi;8;184;4500;14;16;45400;;CREATE(75:Auto { Model:mercedes-benz  75,tipo_combustible:gas, aspiracion:std,numero_puertas:two,Body_style:hardtop,Ruedas:rwd,ubicación_Motor:front,Tamano_Motor:304
76;mercury;mercury  76;gas;turbo;two;hatchback;rwd;front;102.7;178.4;68;54.8;2910;ohc;four;140;0;0;mpfi;8;175;5000;19;24;16503;;CREATE(76:Auto { Model:mercury  76,tipo_combustible:gas, aspiracion:turbo,numero_puertas:two,Body_style:hatchback,Ruedas:rwd,ubicación_Motor:front,Tamano_Motor:140
77;mitsubishi;mitsubishi  77;gas;std;two;hatchback;fwd;front;93.7;157.3;64.4;50.8;1918;ohc;four;92;0;0;2bbl;9.4;68;5500;37;41;5389;;CREATE(77:Auto { Model:mitsubishi  77,tipo_combustible:gas, aspiracion:std,numero_puertas:two,Body_style:hatchback,Ruedas:fwd,ubicación_Motor:front,Tamano_Motor:92
78;mitsubishi;mitsubishi  78;gas;std;two;hatchback;fwd;front;93.7;157.3;64.4;50.8;1944;ohc;four;92;0;0;2bbl;9.4;68;5500;31;38;6189;;CREATE(78:Auto { Model:mitsubishi  78,tipo_combustible:gas, aspiracion:std,numero_puertas:two,Body_style:hatchback,Ruedas:fwd,ubicación_Motor:front,Tamano_Motor:92
79;mitsubishi;mitsubishi  79;gas;std;two;hatchback;fwd;front;93.7;157.3;64.4;50.8;2004;ohc;four;92;0;0;2bbl;9.4;68;5500;31;38;6669;;CREATE(79:Auto { Model:mitsubishi  79,tipo_combustible:gas, aspiracion:std,numero_puertas:two,Body_style:hatchback,Ruedas:fwd,ubicación_Motor:front,Tamano_Motor:92
80;mitsubishi;mitsubishi  80;gas;turbo;two;hatchback;fwd;front;93;157.3;63.8;50.8;2145;ohc;four;98;0;0;spdi;7.6;102;5500;24;30;7689;;CREATE(80:Auto { Model:mitsubishi  80,tipo_combustible:gas, aspiracion:turbo,numero_puertas:two,Body_style:hatchback,Ruedas:fwd,ubicación_Motor:front,Tamano_Motor:98
81;mitsubishi;mitsubishi  81;gas;turbo;two;hatchback;fwd;front;96.3;173;65.4;49.4;2370;ohc;four;110;0;0;spdi;7.5;116;5500;23;30;9959;;CREATE(81:Auto { Model:mitsubishi  81,tipo_combustible:gas, aspiracion:turbo,numero_puertas:two,Body_style:hatchback,Ruedas:fwd,ubicación_Motor:front,Tamano_Motor:110
82;mitsubishi;mitsubishi  82;gas;std;two;hatchback;fwd;front;96.3;173;65.4;49.4;2328;ohc;four;122;0;0;2bbl;8.5;88;5000;25;32;8499;;CREATE(82:Auto { Model:mitsubishi  82,tipo_combustible:gas, aspiracion:std,numero_puertas:two,Body_style:hatchback,Ruedas:fwd,ubicación_Motor:front,Tamano_Motor:122
83;mitsubishi;mitsubishi  83;gas;turbo;two;hatchback;fwd;front;95.9;173.2;66.3;50.2;2833;ohc;four;156;0;0;spdi;7;145;5000;19;24;12629;;CREATE(83:Auto { Model:mitsubishi  83,tipo_combustible:gas, aspiracion:turbo,numero_puertas:two,Body_style:hatchback,Ruedas:fwd,ubicación_Motor:front,Tamano_Motor:156
84;mitsubishi;mitsubishi  84;gas;turbo;two;hatchback;fwd;front;95.9;173.2;66.3;50.2;2921;ohc;four;156;0;0;spdi;7;145;5000;19;24;14869;;CREATE(84:Auto { Model:mitsubishi  84,tipo_combustible:gas, aspiracion:turbo,numero_puertas:two,Body_style:hatchback,Ruedas:fwd,ubicación_Motor:front,Tamano_Motor:156
85;mitsubishi;mitsubishi  85;gas;turbo;two;hatchback;fwd;front;95.9;173.2;66.3;50.2;2926;ohc;four;156;0;0;spdi;7;145;5000;19;24;14489;;CREATE(85:Auto { Model:mitsubishi  85,tipo_combustible:gas, aspiracion:turbo,numero_puertas:two,Body_style:hatchback,Ruedas:fwd,ubicación_Motor:front,Tamano_Motor:156
86;mitsubishi;mitsubishi  86;gas;std;four;sedan;fwd;front;96.3;172.4;65.4;51.6;2365;ohc;four;122;0;0;2bbl;8.5;88;5000;25;32;6989;;CREATE(86:Auto { Model:mitsubishi  86,tipo_combustible:gas, aspiracion:std,numero_puertas:four,Body_style:sedan,Ruedas:fwd,ubicación_Motor:front,Tamano_Motor:122
87;mitsubishi;mitsubishi  87;gas;std;four;sedan;fwd;front;96.3;172.4;65.4;51.6;2405;ohc;four;122;0;0;2bbl;8.5;88;5000;25;32;8189;;CREATE(87:Auto { Model:mitsubishi  87,tipo_combustible:gas, aspiracion:std,numero_puertas:four,Body_style:sedan,Ruedas:fwd,ubicación_Motor:front,Tamano_Motor:122
88;mitsubishi;mitsubishi  88;gas;turbo;four;sedan;fwd;front;96.3;172.4;65.4;51.6;2403;ohc;four;110;0;0;spdi;7.5;116;5500;23;30;9279;;CREATE(88:Auto { Model:mitsubishi  88,tipo_combustible:gas, aspiracion:turbo,numero_puertas:four,Body_style:sedan,Ruedas:fwd,ubicación_Motor:front,Tamano_Motor:110
89;mitsubishi;mitsubishi  89;gas;std;four;sedan;fwd;front;96.3;172.4;65.4;51.6;2403;ohc;four;110;0;0;spdi;7.5;116;5500;23;30;9279;;CREATE(89:Auto { Model:mitsubishi  89,tipo_combustible:gas, aspiracion:std,numero_puertas:four,Body_style:sedan,Ruedas:fwd,ubicación_Motor:front,Tamano_Motor:110
90;nissan;nissan  90;gas;std;two;sedan;fwd;front;94.5;165.3;63.8;54.5;1889;ohc;four;97;0;0;2bbl;9.4;69;5200;31;37;5499;;CREATE(90:Auto { Model:nissan  90,tipo_combustible:gas, aspiracion:std,numero_puertas:two,Body_style:sedan,Ruedas:fwd,ubicación_Motor:front,Tamano_Motor:97
91;nissan;nissan  91;diesel;std;two;sedan;fwd;front;94.5;165.3;63.8;54.5;2017;ohc;four;103;0;0;idi;21.9;55;4800;45;50;7099;;CREATE(91:Auto { Model:nissan  91,tipo_combustible:diesel, aspiracion:std,numero_puertas:two,Body_style:sedan,Ruedas:fwd,ubicación_Motor:front,Tamano_Motor:103
92;nissan;nissan  92;gas;std;two;sedan;fwd;front;94.5;165.3;63.8;54.5;1918;ohc;four;97;0;0;2bbl;9.4;69;5200;31;37;6649;;CREATE(92:Auto { Model:nissan  92,tipo_combustible:gas, aspiracion:std,numero_puertas:two,Body_style:sedan,Ruedas:fwd,ubicación_Motor:front,Tamano_Motor:97
93;nissan;nissan  93;gas;std;four;sedan;fwd;front;94.5;165.3;63.8;54.5;1938;ohc;four;97;0;0;2bbl;9.4;69;5200;31;37;6849;;CREATE(93:Auto { Model:nissan  93,tipo_combustible:gas, aspiracion:std,numero_puertas:four,Body_style:sedan,Ruedas:fwd,ubicación_Motor:front,Tamano_Motor:97
94;nissan;nissan  94;gas;std;four;wagon;fwd;front;94.5;170.2;63.8;53.5;2024;ohc;four;97;0;0;2bbl;9.4;69;5200;31;37;7349;;CREATE(94:Auto { Model:nissan  94,tipo_combustible:gas, aspiracion:std,numero_puertas:four,Body_style:wagon,Ruedas:fwd,ubicación_Motor:front,Tamano_Motor:97
95;nissan;nissan  95;gas;std;two;sedan;fwd;front;94.5;165.3;63.8;54.5;1951;ohc;four;97;0;0;2bbl;9.4;69;5200;31;37;7299;;CREATE(95:Auto { Model:nissan  95,tipo_combustible:gas, aspiracion:std,numero_puertas:two,Body_style:sedan,Ruedas:fwd,ubicación_Motor:front,Tamano_Motor:97
96;nissan;nissan  96;gas;std;two;hatchback;fwd;front;94.5;165.6;63.8;53.3;2028;ohc;four;97;0;0;2bbl;9.4;69;5200;31;37;7799;;CREATE(96:Auto { Model:nissan  96,tipo_combustible:gas, aspiracion:std,numero_puertas:two,Body_style:hatchback,Ruedas:fwd,ubicación_Motor:front,Tamano_Motor:97
97;nissan;nissan  97;gas;std;four;sedan;fwd;front;94.5;165.3;63.8;54.5;1971;ohc;four;97;0;0;2bbl;9.4;69;5200;31;37;7499;;CREATE(97:Auto { Model:nissan  97,tipo_combustible:gas, aspiracion:std,numero_puertas:four,Body_style:sedan,Ruedas:fwd,ubicación_Motor:front,Tamano_Motor:97
98;nissan;nissan  98;gas;std;four;wagon;fwd;front;94.5;170.2;63.8;53.5;2037;ohc;four;97;0;0;2bbl;9.4;69;5200;31;37;7999;;CREATE(98:Auto { Model:nissan  98,tipo_combustible:gas, aspiracion:std,numero_puertas:four,Body_style:wagon,Ruedas:fwd,ubicación_Motor:front,Tamano_Motor:97
99;nissan;nissan  99;gas;std;two;hardtop;fwd;front;95.1;162.4;63.8;53.3;2008;ohc;four;97;0;0;2bbl;9.4;69;5200;31;37;8249;;CREATE(99:Auto { Model:nissan  99,tipo_combustible:gas, aspiracion:std,numero_puertas:two,Body_style:hardtop,Ruedas:fwd,ubicación_Motor:front,Tamano_Motor:97
100;nissan;nissan  100;gas;std;four;hatchback;fwd;front;97.2;173.4;65.2;54.7;2324;ohc;four;120;0;0;2bbl;8.5;97;5200;27;34;8949;;CREATE(100:Auto { Model:nissan  100,tipo_combustible:gas, aspiracion:std,numero_puertas:four,Body_style:hatchback,Ruedas:fwd,ubicación_Motor:front,Tamano_Motor:120
101;nissan;nissan  101;gas;std;four;sedan;fwd;front;97.2;173.4;65.2;54.7;2302;ohc;four;120;0;0;2bbl;8.5;97;5200;27;34;9549;;CREATE(101:Auto { Model:nissan  101,tipo_combustible:gas, aspiracion:std,numero_puertas:four,Body_style:sedan,Ruedas:fwd,ubicación_Motor:front,Tamano_Motor:120
102;nissan;nissan  102;gas;std;four;sedan;fwd;front;100.4;181.7;66.5;55.1;3095;ohcv;six;181;0;0;mpfi;9;152;5200;17;22;13499;;CREATE(102:Auto { Model:nissan  102,tipo_combustible:gas, aspiracion:std,numero_puertas:four,Body_style:sedan,Ruedas:fwd,ubicación_Motor:front,Tamano_Motor:181
103;nissan;nissan  103;gas;std;four;wagon;fwd;front;100.4;184.6;66.5;56.1;3296;ohcv;six;181;0;0;mpfi;9;152;5200;17;22;14399;;CREATE(103:Auto { Model:nissan  103,tipo_combustible:gas, aspiracion:std,numero_puertas:four,Body_style:wagon,Ruedas:fwd,ubicación_Motor:front,Tamano_Motor:181
104;nissan;nissan  104;gas;std;four;sedan;fwd;front;100.4;184.6;66.5;55.1;3060;ohcv;six;181;0;0;mpfi;9;152;5200;19;25;13499;;CREATE(104:Auto { Model:nissan  104,tipo_combustible:gas, aspiracion:std,numero_puertas:four,Body_style:sedan,Ruedas:fwd,ubicación_Motor:front,Tamano_Motor:181
105;nissan;nissan  105;gas;std;two;hatchback;rwd;front;91.3;170.7;67.9;49.7;3071;ohcv;six;181;0;0;mpfi;9;160;5200;19;25;17199;;CREATE(105:Auto { Model:nissan  105,tipo_combustible:gas, aspiracion:std,numero_puertas:two,Body_style:hatchback,Ruedas:rwd,ubicación_Motor:front,Tamano_Motor:181
106;nissan;nissan  106;gas;turbo;two;hatchback;rwd;front;91.3;170.7;67.9;49.7;3139;ohcv;six;181;0;0;mpfi;7.8;200;5200;17;23;19699;;CREATE(106:Auto { Model:nissan  106,tipo_combustible:gas, aspiracion:turbo,numero_puertas:two,Body_style:hatchback,Ruedas:rwd,ubicación_Motor:front,Tamano_Motor:181
107;nissan;nissan  107;gas;std;two;hatchback;rwd;front;99.2;178.5;67.9;49.7;3139;ohcv;six;181;0;0;mpfi;9;160;5200;19;25;18399;;CREATE(107:Auto { Model:nissan  107,tipo_combustible:gas, aspiracion:std,numero_puertas:two,Body_style:hatchback,Ruedas:rwd,ubicación_Motor:front,Tamano_Motor:181
108;peugot;peugot  108;gas;std;four;sedan;rwd;front;107.9;186.7;68.4;56.7;3020;l;four;120;0;0;mpfi;8.4;97;5000;19;24;11900;;CREATE(108:Auto { Model:peugot  108,tipo_combustible:gas, aspiracion:std,numero_puertas:four,Body_style:sedan,Ruedas:rwd,ubicación_Motor:front,Tamano_Motor:120
109;peugot;peugot  109;diesel;turbo;four;sedan;rwd;front;107.9;186.7;68.4;56.7;3197;l;four;152;0;0;idi;21;95;4150;28;33;13200;;CREATE(109:Auto { Model:peugot  109,tipo_combustible:diesel, aspiracion:turbo,numero_puertas:four,Body_style:sedan,Ruedas:rwd,ubicación_Motor:front,Tamano_Motor:152
110;peugot;peugot  110;gas;std;four;wagon;rwd;front;114.2;198.9;68.4;58.7;3230;l;four;120;0;0;mpfi;8.4;97;5000;19;24;12440;;CREATE(110:Auto { Model:peugot  110,tipo_combustible:gas, aspiracion:std,numero_puertas:four,Body_style:wagon,Ruedas:rwd,ubicación_Motor:front,Tamano_Motor:120
111;peugot;peugot  111;diesel;turbo;four;wagon;rwd;front;114.2;198.9;68.4;58.7;3430;l;four;152;0;0;idi;21;95;4150;25;25;13860;;CREATE(111:Auto { Model:peugot  111,tipo_combustible:diesel, aspiracion:turbo,numero_puertas:four,Body_style:wagon,Ruedas:rwd,ubicación_Motor:front,Tamano_Motor:152
112;peugot;peugot  112;gas;std;four;sedan;rwd;front;107.9;186.7;68.4;56.7;3075;l;four;120;0;0;mpfi;8.4;95;5000;19;24;15580;;CREATE(112:Auto { Model:peugot  112,tipo_combustible:gas, aspiracion:std,numero_puertas:four,Body_style:sedan,Ruedas:rwd,ubicación_Motor:front,Tamano_Motor:120
113;peugot;peugot  113;diesel;turbo;four;sedan;rwd;front;107.9;186.7;68.4;56.7;3252;l;four;152;0;0;idi;21;95;4150;28;33;16900;;CREATE(113:Auto { Model:peugot  113,tipo_combustible:diesel, aspiracion:turbo,numero_puertas:four,Body_style:sedan,Ruedas:rwd,ubicación_Motor:front,Tamano_Motor:152
114;peugot;peugot  114;gas;std;four;wagon;rwd;front;114.2;198.9;68.4;56.7;3285;l;four;120;0;0;mpfi;8.4;95;5000;19;24;16695;;CREATE(114:Auto { Model:peugot  114,tipo_combustible:gas, aspiracion:std,numero_puertas:four,Body_style:wagon,Ruedas:rwd,ubicación_Motor:front,Tamano_Motor:120
115;peugot;peugot  115;diesel;turbo;four;wagon;rwd;front;114.2;198.9;68.4;58.7;3485;l;four;152;0;0;idi;21;95;4150;25;25;17075;;CREATE(115:Auto { Model:peugot  115,tipo_combustible:diesel, aspiracion:turbo,numero_puertas:four,Body_style:wagon,Ruedas:rwd,ubicación_Motor:front,Tamano_Motor:152
116;peugot;peugot  116;gas;std;four;sedan;rwd;front;107.9;186.7;68.4;56.7;3075;l;four;120;0;0;mpfi;8.4;97;5000;19;24;16630;;CREATE(116:Auto { Model:peugot  116,tipo_combustible:gas, aspiracion:std,numero_puertas:four,Body_style:sedan,Ruedas:rwd,ubicación_Motor:front,Tamano_Motor:120
117;peugot;peugot  117;diesel;turbo;four;sedan;rwd;front;107.9;186.7;68.4;56.7;3252;l;four;152;0;0;idi;21;95;4150;28;33;17950;;CREATE(117:Auto { Model:peugot  117,tipo_combustible:diesel, aspiracion:turbo,numero_puertas:four,Body_style:sedan,Ruedas:rwd,ubicación_Motor:front,Tamano_Motor:152
118;peugot;peugot  118;gas;turbo;four;sedan;rwd;front;108;186.7;68.3;56;3130;l;four;134;0;0;mpfi;7;142;5600;18;24;18150;;CREATE(118:Auto { Model:peugot  118,tipo_combustible:gas, aspiracion:turbo,numero_puertas:four,Body_style:sedan,Ruedas:rwd,ubicación_Motor:front,Tamano_Motor:134
119;plymouth;plymouth  119;gas;std;two;hatchback;fwd;front;93.7;157.3;63.8;50.8;1918;ohc;four;90;0;0;2bbl;9.4;68;5500;37;41;5572;;CREATE(119:Auto { Model:plymouth  119,tipo_combustible:gas, aspiracion:std,numero_puertas:two,Body_style:hatchback,Ruedas:fwd,ubicación_Motor:front,Tamano_Motor:90
120;plymouth;plymouth  120;gas;turbo;two;hatchback;fwd;front;93.7;157.3;63.8;50.8;2128;ohc;four;98;0;0;spdi;7.6;102;5500;24;30;7957;;CREATE(120:Auto { Model:plymouth  120,tipo_combustible:gas, aspiracion:turbo,numero_puertas:two,Body_style:hatchback,Ruedas:fwd,ubicación_Motor:front,Tamano_Motor:98
121;plymouth;plymouth  121;gas;std;four;hatchback;fwd;front;93.7;157.3;63.8;50.6;1967;ohc;four;90;0;0;2bbl;9.4;68;5500;31;38;6229;;CREATE(121:Auto { Model:plymouth  121,tipo_combustible:gas, aspiracion:std,numero_puertas:four,Body_style:hatchback,Ruedas:fwd,ubicación_Motor:front,Tamano_Motor:90
122;plymouth;plymouth  122;gas;std;four;sedan;fwd;front;93.7;167.3;63.8;50.8;1989;ohc;four;90;0;0;2bbl;9.4;68;5500;31;38;6692;;CREATE(122:Auto { Model:plymouth  122,tipo_combustible:gas, aspiracion:std,numero_puertas:four,Body_style:sedan,Ruedas:fwd,ubicación_Motor:front,Tamano_Motor:90
123;plymouth;plymouth  123;gas;std;four;sedan;fwd;front;93.7;167.3;63.8;50.8;2191;ohc;four;98;0;0;2bbl;9.4;68;5500;31;38;7609;;CREATE(123:Auto { Model:plymouth  123,tipo_combustible:gas, aspiracion:std,numero_puertas:four,Body_style:sedan,Ruedas:fwd,ubicación_Motor:front,Tamano_Motor:98
124;plymouth;plymouth  124;gas;std;four;wagon;fwd;front;103.3;174.6;64.6;59.8;2535;ohc;four;122;0;0;2bbl;8.5;88;5000;24;30;8921;;CREATE(124:Auto { Model:plymouth  124,tipo_combustible:gas, aspiracion:std,numero_puertas:four,Body_style:wagon,Ruedas:fwd,ubicación_Motor:front,Tamano_Motor:122
125;plymouth;plymouth  125;gas;turbo;two;hatchback;rwd;front;95.9;173.2;66.3;50.2;2818;ohc;four;156;0;0;spdi;7;145;5000;19;24;12764;;CREATE(125:Auto { Model:plymouth  125,tipo_combustible:gas, aspiracion:turbo,numero_puertas:two,Body_style:hatchback,Ruedas:rwd,ubicación_Motor:front,Tamano_Motor:156
126;porsche;porsche  126;gas;std;two;hatchback;rwd;front;94.5;168.9;68.3;50.2;2778;ohc;four;151;0;0;mpfi;9.5;143;5500;19;27;22018;;CREATE(126:Auto { Model:porsche  126,tipo_combustible:gas, aspiracion:std,numero_puertas:two,Body_style:hatchback,Ruedas:rwd,ubicación_Motor:front,Tamano_Motor:151
127;porsche;porsche  127;gas;std;two;hardtop;rwd;rear;89.5;168.9;65;51.6;2756;ohcf;six;194;0;0;mpfi;9.5;207;5900;17;25;32528;;CREATE(127:Auto { Model:porsche  127,tipo_combustible:gas, aspiracion:std,numero_puertas:two,Body_style:hardtop,Ruedas:rwd,ubicación_Motor:rear,Tamano_Motor:194
128;porsche;porsche  128;gas;std;two;hardtop;rwd;rear;89.5;168.9;65;51.6;2756;ohcf;six;194;0;0;mpfi;9.5;207;5900;17;25;34028;;CREATE(128:Auto { Model:porsche  128,tipo_combustible:gas, aspiracion:std,numero_puertas:two,Body_style:hardtop,Ruedas:rwd,ubicación_Motor:rear,Tamano_Motor:194
129;porsche;porsche  129;gas;std;two;convertible;rwd;rear;89.5;168.9;65;51.6;2800;ohcf;six;194;0;0;mpfi;9.5;207;5900;17;25;37028;;CREATE(129:Auto { Model:porsche  129,tipo_combustible:gas, aspiracion:std,numero_puertas:two,Body_style:convertible,Ruedas:rwd,ubicación_Motor:rear,Tamano_Motor:194
130;porsche;porsche  130;gas;std;two;hatchback;rwd;front;98.4;175.7;72.3;50.5;3366;dohcv;eight;203;0;0;mpfi;10;288;5750;17;28;?;;CREATE(130:Auto { Model:porsche  130,tipo_combustible:gas, aspiracion:std,numero_puertas:two,Body_style:hatchback,Ruedas:rwd,ubicación_Motor:front,Tamano_Motor:203
131;renault;renault  131;gas;std;four;wagon;fwd;front;96.1;181.5;66.5;55.2;2579;ohc;four;132;0;0;mpfi;8.7;?;?;23;31;9295;;CREATE(131:Auto { Model:renault  131,tipo_combustible:gas, aspiracion:std,numero_puertas:four,Body_style:wagon,Ruedas:fwd,ubicación_Motor:front,Tamano_Motor:132
132;renault;renault  132;gas;std;two;hatchback;fwd;front;96.1;176.8;66.6;50.5;2460;ohc;four;132;0;0;mpfi;8.7;?;?;23;31;9895;;CREATE(132:Auto { Model:renault  132,tipo_combustible:gas, aspiracion:std,numero_puertas:two,Body_style:hatchback,Ruedas:fwd,ubicación_Motor:front,Tamano_Motor:132
133;saab;saab  133;gas;std;two;hatchback;fwd;front;99.1;186.6;66.5;56.1;2658;ohc;four;121;0;0;mpfi;9.31;110;5250;21;28;11850;;CREATE(133:Auto { Model:saab  133,tipo_combustible:gas, aspiracion:std,numero_puertas:two,Body_style:hatchback,Ruedas:fwd,ubicación_Motor:front,Tamano_Motor:121
134;saab;saab  134;gas;std;four;sedan;fwd;front;99.1;186.6;66.5;56.1;2695;ohc;four;121;0;0;mpfi;9.3;110;5250;21;28;12170;;CREATE(134:Auto { Model:saab  134,tipo_combustible:gas, aspiracion:std,numero_puertas:four,Body_style:sedan,Ruedas:fwd,ubicación_Motor:front,Tamano_Motor:121
135;saab;saab  135;gas;std;two;hatchback;fwd;front;99.1;186.6;66.5;56.1;2707;ohc;four;121;0;0;mpfi;9.3;110;5250;21;28;15040;;CREATE(135:Auto { Model:saab  135,tipo_combustible:gas, aspiracion:std,numero_puertas:two,Body_style:hatchback,Ruedas:fwd,ubicación_Motor:front,Tamano_Motor:121
136;saab;saab  136;gas;std;four;sedan;fwd;front;99.1;186.6;66.5;56.1;2758;ohc;four;121;0;0;mpfi;9.3;110;5250;21;28;15510;;CREATE(136:Auto { Model:saab  136,tipo_combustible:gas, aspiracion:std,numero_puertas:four,Body_style:sedan,Ruedas:fwd,ubicación_Motor:front,Tamano_Motor:121
137;saab;saab  137;gas;turbo;two;hatchback;fwd;front;99.1;186.6;66.5;56.1;2808;dohc;four;121;0;0;mpfi;9;160;5500;19;26;18150;;CREATE(137:Auto { Model:saab  137,tipo_combustible:gas, aspiracion:turbo,numero_puertas:two,Body_style:hatchback,Ruedas:fwd,ubicación_Motor:front,Tamano_Motor:121
138;saab;saab  138;gas;turbo;four;sedan;fwd;front;99.1;186.6;66.5;56.1;2847;dohc;four;121;0;0;mpfi;9;160;5500;19;26;18620;;CREATE(138:Auto { Model:saab  138,tipo_combustible:gas, aspiracion:turbo,numero_puertas:four,Body_style:sedan,Ruedas:fwd,ubicación_Motor:front,Tamano_Motor:121
139;subaru;subaru  139;gas;std;two;hatchback;fwd;front;93.7;156.9;63.4;53.7;2050;ohcf;four;97;0;0;2bbl;9;69;4900;31;36;5118;;CREATE(139:Auto { Model:subaru  139,tipo_combustible:gas, aspiracion:std,numero_puertas:two,Body_style:hatchback,Ruedas:fwd,ubicación_Motor:front,Tamano_Motor:97
140;subaru;subaru  140;gas;std;two;hatchback;fwd;front;93.7;157.9;63.6;53.7;2120;ohcf;four;108;0;0;2bbl;8.7;73;4400;26;31;7053;;CREATE(140:Auto { Model:subaru  140,tipo_combustible:gas, aspiracion:std,numero_puertas:two,Body_style:hatchback,Ruedas:fwd,ubicación_Motor:front,Tamano_Motor:108
141;subaru;subaru  141;gas;std;two;hatchback;4wd;front;93.3;157.3;63.8;55.7;2240;ohcf;four;108;0;0;2bbl;8.7;73;4400;26;31;7603;;CREATE(141:Auto { Model:subaru  141,tipo_combustible:gas, aspiracion:std,numero_puertas:two,Body_style:hatchback,Ruedas:4wd,ubicación_Motor:front,Tamano_Motor:108
142;subaru;subaru  142;gas;std;four;sedan;fwd;front;97.2;172;65.4;52.5;2145;ohcf;four;108;0;0;2bbl;9.5;82;4800;32;37;7126;;CREATE(142:Auto { Model:subaru  142,tipo_combustible:gas, aspiracion:std,numero_puertas:four,Body_style:sedan,Ruedas:fwd,ubicación_Motor:front,Tamano_Motor:108
143;subaru;subaru  143;gas;std;four;sedan;fwd;front;97.2;172;65.4;52.5;2190;ohcf;four;108;0;0;2bbl;9.5;82;4400;28;33;7775;;CREATE(143:Auto { Model:subaru  143,tipo_combustible:gas, aspiracion:std,numero_puertas:four,Body_style:sedan,Ruedas:fwd,ubicación_Motor:front,Tamano_Motor:108
144;subaru;subaru  144;gas;std;four;sedan;fwd;front;97.2;172;65.4;52.5;2340;ohcf;four;108;0;0;mpfi;9;94;5200;26;32;9960;;CREATE(144:Auto { Model:subaru  144,tipo_combustible:gas, aspiracion:std,numero_puertas:four,Body_style:sedan,Ruedas:fwd,ubicación_Motor:front,Tamano_Motor:108
145;subaru;subaru  145;gas;std;four;sedan;4wd;front;97;172;65.4;54.3;2385;ohcf;four;108;0;0;2bbl;9;82;4800;24;25;9233;;CREATE(145:Auto { Model:subaru  145,tipo_combustible:gas, aspiracion:std,numero_puertas:four,Body_style:sedan,Ruedas:4wd,ubicación_Motor:front,Tamano_Motor:108
146;subaru;subaru  146;gas;turbo;four;sedan;4wd;front;97;172;65.4;54.3;2510;ohcf;four;108;0;0;mpfi;7.7;111;4800;24;29;11259;;CREATE(146:Auto { Model:subaru  146,tipo_combustible:gas, aspiracion:turbo,numero_puertas:four,Body_style:sedan,Ruedas:4wd,ubicación_Motor:front,Tamano_Motor:108
147;subaru;subaru  147;gas;std;four;wagon;fwd;front;97;173.5;65.4;53;2290;ohcf;four;108;0;0;2bbl;9;82;4800;28;32;7463;;CREATE(147:Auto { Model:subaru  147,tipo_combustible:gas, aspiracion:std,numero_puertas:four,Body_style:wagon,Ruedas:fwd,ubicación_Motor:front,Tamano_Motor:108
148;subaru;subaru  148;gas;std;four;wagon;fwd;front;97;173.5;65.4;53;2455;ohcf;four;108;0;0;mpfi;9;94;5200;25;31;10198;;CREATE(148:Auto { Model:subaru  148,tipo_combustible:gas, aspiracion:std,numero_puertas:four,Body_style:wagon,Ruedas:fwd,ubicación_Motor:front,Tamano_Motor:108
149;subaru;subaru  149;gas;std;four;wagon;4wd;front;96.9;173.6;65.4;54.9;2420;ohcf;four;108;0;0;2bbl;9;82;4800;23;29;8013;;CREATE(149:Auto { Model:subaru  149,tipo_combustible:gas, aspiracion:std,numero_puertas:four,Body_style:wagon,Ruedas:4wd,ubicación_Motor:front,Tamano_Motor:108
150;subaru;subaru  150;gas;turbo;four;wagon;4wd;front;96.9;173.6;65.4;54.9;2650;ohcf;four;108;0;0;mpfi;7.7;111;4800;23;23;11694;;CREATE(150:Auto { Model:subaru  150,tipo_combustible:gas, aspiracion:turbo,numero_puertas:four,Body_style:wagon,Ruedas:4wd,ubicación_Motor:front,Tamano_Motor:108
151;toyota;toyota  151;gas;std;two;hatchback;fwd;front;95.7;158.7;63.6;54.5;1985;ohc;four;92;0;0;2bbl;9;62;4800;35;39;5348;;CREATE(151:Auto { Model:toyota  151,tipo_combustible:gas, aspiracion:std,numero_puertas:two,Body_style:hatchback,Ruedas:fwd,ubicación_Motor:front,Tamano_Motor:92
152;toyota;toyota  152;gas;std;two;hatchback;fwd;front;95.7;158.7;63.6;54.5;2040;ohc;four;92;0;0;2bbl;9;62;4800;31;38;6338;;CREATE(152:Auto { Model:toyota  152,tipo_combustible:gas, aspiracion:std,numero_puertas:two,Body_style:hatchback,Ruedas:fwd,ubicación_Motor:front,Tamano_Motor:92
153;toyota;toyota  153;gas;std;four;hatchback;fwd;front;95.7;158.7;63.6;54.5;2015;ohc;four;92;0;0;2bbl;9;62;4800;31;38;6488;;CREATE(153:Auto { Model:toyota  153,tipo_combustible:gas, aspiracion:std,numero_puertas:four,Body_style:hatchback,Ruedas:fwd,ubicación_Motor:front,Tamano_Motor:92
154;toyota;toyota  154;gas;std;four;wagon;fwd;front;95.7;169.7;63.6;59.1;2280;ohc;four;92;0;0;2bbl;9;62;4800;31;37;6918;;CREATE(154:Auto { Model:toyota  154,tipo_combustible:gas, aspiracion:std,numero_puertas:four,Body_style:wagon,Ruedas:fwd,ubicación_Motor:front,Tamano_Motor:92
155;toyota;toyota  155;gas;std;four;wagon;4wd;front;95.7;169.7;63.6;59.1;2290;ohc;four;92;0;0;2bbl;9;62;4800;27;32;7898;;CREATE(155:Auto { Model:toyota  155,tipo_combustible:gas, aspiracion:std,numero_puertas:four,Body_style:wagon,Ruedas:4wd,ubicación_Motor:front,Tamano_Motor:92
156;toyota;toyota  156;gas;std;four;wagon;4wd;front;95.7;169.7;63.6;59.1;3110;ohc;four;92;0;0;2bbl;9;62;4800;27;32;8778;;CREATE(156:Auto { Model:toyota  156,tipo_combustible:gas, aspiracion:std,numero_puertas:four,Body_style:wagon,Ruedas:4wd,ubicación_Motor:front,Tamano_Motor:92
157;toyota;toyota  157;gas;std;four;sedan;fwd;front;95.7;166.3;64.4;53;2081;ohc;four;98;0;0;2bbl;9;70;4800;30;37;6938;;CREATE(157:Auto { Model:toyota  157,tipo_combustible:gas, aspiracion:std,numero_puertas:four,Body_style:sedan,Ruedas:fwd,ubicación_Motor:front,Tamano_Motor:98
158;toyota;toyota  158;gas;std;four;hatchback;fwd;front;95.7;166.3;64.4;52.8;2109;ohc;four;98;0;0;2bbl;9;70;4800;30;37;7198;;CREATE(158:Auto { Model:toyota  158,tipo_combustible:gas, aspiracion:std,numero_puertas:four,Body_style:hatchback,Ruedas:fwd,ubicación_Motor:front,Tamano_Motor:98
159;toyota;toyota  159;diesel;std;four;sedan;fwd;front;95.7;166.3;64.4;53;2275;ohc;four;110;0;0;idi;22.5;56;4500;34;36;7898;;CREATE(159:Auto { Model:toyota  159,tipo_combustible:diesel, aspiracion:std,numero_puertas:four,Body_style:sedan,Ruedas:fwd,ubicación_Motor:front,Tamano_Motor:110
160;toyota;toyota  160;diesel;std;four;hatchback;fwd;front;95.7;166.3;64.4;52.8;2275;ohc;four;110;0;0;idi;22.5;56;4500;38;47;7788;;CREATE(160:Auto { Model:toyota  160,tipo_combustible:diesel, aspiracion:std,numero_puertas:four,Body_style:hatchback,Ruedas:fwd,ubicación_Motor:front,Tamano_Motor:110
161;toyota;toyota  161;gas;std;four;sedan;fwd;front;95.7;166.3;64.4;53;2094;ohc;four;98;0;0;2bbl;9;70;4800;38;47;7738;;CREATE(161:Auto { Model:toyota  161,tipo_combustible:gas, aspiracion:std,numero_puertas:four,Body_style:sedan,Ruedas:fwd,ubicación_Motor:front,Tamano_Motor:98
162;toyota;toyota  162;gas;std;four;hatchback;fwd;front;95.7;166.3;64.4;52.8;2122;ohc;four;98;0;0;2bbl;9;70;4800;28;34;8358;;CREATE(162:Auto { Model:toyota  162,tipo_combustible:gas, aspiracion:std,numero_puertas:four,Body_style:hatchback,Ruedas:fwd,ubicación_Motor:front,Tamano_Motor:98
163;toyota;toyota  163;gas;std;four;sedan;fwd;front;95.7;166.3;64.4;52.8;2140;ohc;four;98;0;0;2bbl;9;70;4800;28;34;9258;;CREATE(163:Auto { Model:toyota  163,tipo_combustible:gas, aspiracion:std,numero_puertas:four,Body_style:sedan,Ruedas:fwd,ubicación_Motor:front,Tamano_Motor:98
164;toyota;toyota  164;gas;std;two;sedan;rwd;front;94.5;168.7;64;52.6;2169;ohc;four;98;0;0;2bbl;9;70;4800;29;34;8058;;CREATE(164:Auto { Model:toyota  164,tipo_combustible:gas, aspiracion:std,numero_puertas:two,Body_style:sedan,Ruedas:rwd,ubicación_Motor:front,Tamano_Motor:98
165;toyota;toyota  165;gas;std;two;hatchback;rwd;front;94.5;168.7;64;52.6;2204;ohc;four;98;0;0;2bbl;9;70;4800;29;34;8238;;CREATE(165:Auto { Model:toyota  165,tipo_combustible:gas, aspiracion:std,numero_puertas:two,Body_style:hatchback,Ruedas:rwd,ubicación_Motor:front,Tamano_Motor:98
166;toyota;toyota  166;gas;std;two;sedan;rwd;front;94.5;168.7;64;52.6;2265;dohc;four;98;0;0;mpfi;9.4;112;6600;26;29;9298;;CREATE(166:Auto { Model:toyota  166,tipo_combustible:gas, aspiracion:std,numero_puertas:two,Body_style:sedan,Ruedas:rwd,ubicación_Motor:front,Tamano_Motor:98
167;toyota;toyota  167;gas;std;two;hatchback;rwd;front;94.5;168.7;64;52.6;2300;dohc;four;98;0;0;mpfi;9.4;112;6600;26;29;9538;;CREATE(167:Auto { Model:toyota  167,tipo_combustible:gas, aspiracion:std,numero_puertas:two,Body_style:hatchback,Ruedas:rwd,ubicación_Motor:front,Tamano_Motor:98
168;toyota;toyota  168;gas;std;two;hardtop;rwd;front;98.4;176.2;65.6;52;2540;ohc;four;146;0;0;mpfi;9.3;116;4800;24;30;8449;;CREATE(168:Auto { Model:toyota  168,tipo_combustible:gas, aspiracion:std,numero_puertas:two,Body_style:hardtop,Ruedas:rwd,ubicación_Motor:front,Tamano_Motor:146
169;toyota;toyota  169;gas;std;two;hardtop;rwd;front;98.4;176.2;65.6;52;2536;ohc;four;146;0;0;mpfi;9.3;116;4800;24;30;9639;;CREATE(169:Auto { Model:toyota  169,tipo_combustible:gas, aspiracion:std,numero_puertas:two,Body_style:hardtop,Ruedas:rwd,ubicación_Motor:front,Tamano_Motor:146
170;toyota;toyota  170;gas;std;two;hatchback;rwd;front;98.4;176.2;65.6;52;2551;ohc;four;146;0;0;mpfi;9.3;116;4800;24;30;9989;;CREATE(170:Auto { Model:toyota  170,tipo_combustible:gas, aspiracion:std,numero_puertas:two,Body_style:hatchback,Ruedas:rwd,ubicación_Motor:front,Tamano_Motor:146
171;toyota;toyota  171;gas;std;two;hardtop;rwd;front;98.4;176.2;65.6;52;2679;ohc;four;146;0;0;mpfi;9.3;116;4800;24;30;11199;;CREATE(171:Auto { Model:toyota  171,tipo_combustible:gas, aspiracion:std,numero_puertas:two,Body_style:hardtop,Ruedas:rwd,ubicación_Motor:front,Tamano_Motor:146
172;toyota;toyota  172;gas;std;two;hatchback;rwd;front;98.4;176.2;65.6;52;2714;ohc;four;146;0;0;mpfi;9.3;116;4800;24;30;11549;;CREATE(172:Auto { Model:toyota  172,tipo_combustible:gas, aspiracion:std,numero_puertas:two,Body_style:hatchback,Ruedas:rwd,ubicación_Motor:front,Tamano_Motor:146
173;toyota;toyota  173;gas;std;two;convertible;rwd;front;98.4;176.2;65.6;53;2975;ohc;four;146;0;0;mpfi;9.3;116;4800;24;30;17669;;CREATE(173:Auto { Model:toyota  173,tipo_combustible:gas, aspiracion:std,numero_puertas:two,Body_style:convertible,Ruedas:rwd,ubicación_Motor:front,Tamano_Motor:146
174;toyota;toyota  174;gas;std;four;sedan;fwd;front;102.4;175.6;66.5;54.9;2326;ohc;four;122;0;0;mpfi;8.7;92;4200;29;34;8948;;CREATE(174:Auto { Model:toyota  174,tipo_combustible:gas, aspiracion:std,numero_puertas:four,Body_style:sedan,Ruedas:fwd,ubicación_Motor:front,Tamano_Motor:122
175;toyota;toyota  175;diesel;turbo;four;sedan;fwd;front;102.4;175.6;66.5;54.9;2480;ohc;four;110;0;0;idi;22.5;73;4500;30;33;10698;;CREATE(175:Auto { Model:toyota  175,tipo_combustible:diesel, aspiracion:turbo,numero_puertas:four,Body_style:sedan,Ruedas:fwd,ubicación_Motor:front,Tamano_Motor:110
176;toyota;toyota  176;gas;std;four;hatchback;fwd;front;102.4;175.6;66.5;53.9;2414;ohc;four;122;0;0;mpfi;8.7;92;4200;27;32;9988;;CREATE(176:Auto { Model:toyota  176,tipo_combustible:gas, aspiracion:std,numero_puertas:four,Body_style:hatchback,Ruedas:fwd,ubicación_Motor:front,Tamano_Motor:122
177;toyota;toyota  177;gas;std;four;sedan;fwd;front;102.4;175.6;66.5;54.9;2414;ohc;four;122;0;0;mpfi;8.7;92;4200;27;32;10898;;CREATE(177:Auto { Model:toyota  177,tipo_combustible:gas, aspiracion:std,numero_puertas:four,Body_style:sedan,Ruedas:fwd,ubicación_Motor:front,Tamano_Motor:122
178;toyota;toyota  178;gas;std;four;hatchback;fwd;front;102.4;175.6;66.5;53.9;2458;ohc;four;122;0;0;mpfi;8.7;92;4200;27;32;11248;;CREATE(178:Auto { Model:toyota  178,tipo_combustible:gas, aspiracion:std,numero_puertas:four,Body_style:hatchback,Ruedas:fwd,ubicación_Motor:front,Tamano_Motor:122
179;toyota;toyota  179;gas;std;two;hatchback;rwd;front;102.9;183.5;67.7;52;2976;dohc;six;171;0;0;mpfi;9.3;161;5200;20;24;16558;;CREATE(179:Auto { Model:toyota  179,tipo_combustible:gas, aspiracion:std,numero_puertas:two,Body_style:hatchback,Ruedas:rwd,ubicación_Motor:front,Tamano_Motor:171
180;toyota;toyota  180;gas;std;two;hatchback;rwd;front;102.9;183.5;67.7;52;3016;dohc;six;171;0;0;mpfi;9.3;161;5200;19;24;15998;;CREATE(180:Auto { Model:toyota  180,tipo_combustible:gas, aspiracion:std,numero_puertas:two,Body_style:hatchback,Ruedas:rwd,ubicación_Motor:front,Tamano_Motor:171
181;toyota;toyota  181;gas;std;four;sedan;rwd;front;104.5;187.8;66.5;54.1;3131;dohc;six;171;0;0;mpfi;9.2;156;5200;20;24;15690;;CREATE(181:Auto { Model:toyota  181,tipo_combustible:gas, aspiracion:std,numero_puertas:four,Body_style:sedan,Ruedas:rwd,ubicación_Motor:front,Tamano_Motor:171
182;toyota;toyota  182;gas;std;four;wagon;rwd;front;104.5;187.8;66.5;54.1;3151;dohc;six;161;0;0;mpfi;9.2;156;5200;19;24;15750;;CREATE(182:Auto { Model:toyota  182,tipo_combustible:gas, aspiracion:std,numero_puertas:four,Body_style:wagon,Ruedas:rwd,ubicación_Motor:front,Tamano_Motor:161
183;volkswagen;volkswagen  183;diesel;std;two;sedan;fwd;front;97.3;171.7;65.5;55.7;2261;ohc;four;97;0;0;idi;23;52;4800;37;46;7775;;CREATE(183:Auto { Model:volkswagen  183,tipo_combustible:diesel, aspiracion:std,numero_puertas:two,Body_style:sedan,Ruedas:fwd,ubicación_Motor:front,Tamano_Motor:97
184;volkswagen;volkswagen  184;gas;std;two;sedan;fwd;front;97.3;171.7;65.5;55.7;2209;ohc;four;109;0;0;mpfi;9;85;5250;27;34;7975;;CREATE(184:Auto { Model:volkswagen  184,tipo_combustible:gas, aspiracion:std,numero_puertas:two,Body_style:sedan,Ruedas:fwd,ubicación_Motor:front,Tamano_Motor:109
185;volkswagen;volkswagen  185;diesel;std;four;sedan;fwd;front;97.3;171.7;65.5;55.7;2264;ohc;four;97;0;0;idi;23;52;4800;37;46;7995;;CREATE(185:Auto { Model:volkswagen  185,tipo_combustible:diesel, aspiracion:std,numero_puertas:four,Body_style:sedan,Ruedas:fwd,ubicación_Motor:front,Tamano_Motor:97
186;volkswagen;volkswagen  186;gas;std;four;sedan;fwd;front;97.3;171.7;65.5;55.7;2212;ohc;four;109;0;0;mpfi;9;85;5250;27;34;8195;;CREATE(186:Auto { Model:volkswagen  186,tipo_combustible:gas, aspiracion:std,numero_puertas:four,Body_style:sedan,Ruedas:fwd,ubicación_Motor:front,Tamano_Motor:109
187;volkswagen;volkswagen  187;gas;std;four;sedan;fwd;front;97.3;171.7;65.5;55.7;2275;ohc;four;109;0;0;mpfi;9;85;5250;27;34;8495;;CREATE(187:Auto { Model:volkswagen  187,tipo_combustible:gas, aspiracion:std,numero_puertas:four,Body_style:sedan,Ruedas:fwd,ubicación_Motor:front,Tamano_Motor:109
188;volkswagen;volkswagen  188;diesel;turbo;four;sedan;fwd;front;97.3;171.7;65.5;55.7;2319;ohc;four;97;0;0;idi;23;68;4500;37;42;9495;;CREATE(188:Auto { Model:volkswagen  188,tipo_combustible:diesel, aspiracion:turbo,numero_puertas:four,Body_style:sedan,Ruedas:fwd,ubicación_Motor:front,Tamano_Motor:97
189;volkswagen;volkswagen  189;gas;std;four;sedan;fwd;front;97.3;171.7;65.5;55.7;2300;ohc;four;109;0;0;mpfi;10;100;5500;26;32;9995;;CREATE(189:Auto { Model:volkswagen  189,tipo_combustible:gas, aspiracion:std,numero_puertas:four,Body_style:sedan,Ruedas:fwd,ubicación_Motor:front,Tamano_Motor:109
190;volkswagen;volkswagen  190;gas;std;two;convertible;fwd;front;94.5;159.3;64.2;55.6;2254;ohc;four;109;0;0;mpfi;8.5;90;5500;24;29;11595;;CREATE(190:Auto { Model:volkswagen  190,tipo_combustible:gas, aspiracion:std,numero_puertas:two,Body_style:convertible,Ruedas:fwd,ubicación_Motor:front,Tamano_Motor:109
191;volkswagen;volkswagen  191;gas;std;two;hatchback;fwd;front;94.5;165.7;64;51.4;2221;ohc;four;109;0;0;mpfi;8.5;90;5500;24;29;9980;;CREATE(191:Auto { Model:volkswagen  191,tipo_combustible:gas, aspiracion:std,numero_puertas:two,Body_style:hatchback,Ruedas:fwd,ubicación_Motor:front,Tamano_Motor:109
192;volkswagen;volkswagen  192;gas;std;four;sedan;fwd;front;100.4;180.2;66.9;55.1;2661;ohc;five;136;0;0;mpfi;8.5;110;5500;19;24;13295;;CREATE(192:Auto { Model:volkswagen  192,tipo_combustible:gas, aspiracion:std,numero_puertas:four,Body_style:sedan,Ruedas:fwd,ubicación_Motor:front,Tamano_Motor:136
193;volkswagen;volkswagen  193;diesel;turbo;four;sedan;fwd;front;100.4;180.2;66.9;55.1;2579;ohc;four;97;0;0;idi;23;68;4500;33;38;13845;;CREATE(193:Auto { Model:volkswagen  193,tipo_combustible:diesel, aspiracion:turbo,numero_puertas:four,Body_style:sedan,Ruedas:fwd,ubicación_Motor:front,Tamano_Motor:97
194;volkswagen;volkswagen  194;gas;std;four;wagon;fwd;front;100.4;183.1;66.9;55.1;2563;ohc;four;109;0;0;mpfi;9;88;5500;25;31;12290;;CREATE(194:Auto { Model:volkswagen  194,tipo_combustible:gas, aspiracion:std,numero_puertas:four,Body_style:wagon,Ruedas:fwd,ubicación_Motor:front,Tamano_Motor:109
195;volvo;volvo  195;gas;std;four;sedan;rwd;front;104.3;188.8;67.2;56.2;2912;ohc;four;141;0;0;mpfi;9.5;114;5400;23;28;12940;;CREATE(195:Auto { Model:volvo  195,tipo_combustible:gas, aspiracion:std,numero_puertas:four,Body_style:sedan,Ruedas:rwd,ubicación_Motor:front,Tamano_Motor:141
196;volvo;volvo  196;gas;std;four;wagon;rwd;front;104.3;188.8;67.2;57.5;3034;ohc;four;141;0;0;mpfi;9.5;114;5400;23;28;13415;;CREATE(196:Auto { Model:volvo  196,tipo_combustible:gas, aspiracion:std,numero_puertas:four,Body_style:wagon,Ruedas:rwd,ubicación_Motor:front,Tamano_Motor:141
197;volvo;volvo  197;gas;std;four;sedan;rwd;front;104.3;188.8;67.2;56.2;2935;ohc;four;141;0;0;mpfi;9.5;114;5400;24;28;15985;;CREATE(197:Auto { Model:volvo  197,tipo_combustible:gas, aspiracion:std,numero_puertas:four,Body_style:sedan,Ruedas:rwd,ubicación_Motor:front,Tamano_Motor:141
198;volvo;volvo  198;gas;std;four;wagon;rwd;front;104.3;188.8;67.2;57.5;3042;ohc;four;141;0;0;mpfi;9.5;114;5400;24;28;16515;;CREATE(198:Auto { Model:volvo  198,tipo_combustible:gas, aspiracion:std,numero_puertas:four,Body_style:wagon,Ruedas:rwd,ubicación_Motor:front,Tamano_Motor:141
199;volvo;volvo  199;gas;turbo;four;sedan;rwd;front;104.3;188.8;67.2;56.2;3045;ohc;four;130;0;0;mpfi;7.5;162;5100;17;22;18420;;CREATE(199:Auto { Model:volvo  199,tipo_combustible:gas, aspiracion:turbo,numero_puertas:four,Body_style:sedan,Ruedas:rwd,ubicación_Motor:front,Tamano_Motor:130
200;volvo;volvo  200;gas;turbo;four;wagon;rwd;front;104.3;188.8;67.2;57.5;3157;ohc;four;130;0;0;mpfi;7.5;162;5100;17;22;18950;;CREATE(200:Auto { Model:volvo  200,tipo_combustible:gas, aspiracion:turbo,numero_puertas:four,Body_style:wagon,Ruedas:rwd,ubicación_Motor:front,Tamano_Motor:130
201;volvo;volvo  201;gas;std;four;sedan;rwd;front;109.1;188.8;68.9;55.5;2952;ohc;four;141;0;0;mpfi;9.5;114;5400;23;28;16845;;CREATE(201:Auto { Model:volvo  201,tipo_combustible:gas, aspiracion:std,numero_puertas:four,Body_style:sedan,Ruedas:rwd,ubicación_Motor:front,Tamano_Motor:141
202;volvo;volvo  202;gas;turbo;four;sedan;rwd;front;109.1;188.8;68.8;55.5;3049;ohc;four;141;0;0;mpfi;8.7;160;5300;19;25;19045;;CREATE(202:Auto { Model:volvo  202,tipo_combustible:gas, aspiracion:turbo,numero_puertas:four,Body_style:sedan,Ruedas:rwd,ubicación_Motor:front,Tamano_Motor:141
203;volvo;volvo  203;gas;std;four;sedan;rwd;front;109.1;188.8;68.9;55.5;3012;ohcv;six;173;0;0;mpfi;8.8;134;5500;18;23;21485;;CREATE(203:Auto { Model:volvo  203,tipo_combustible:gas, aspiracion:std,numero_puertas:four,Body_style:sedan,Ruedas:rwd,ubicación_Motor:front,Tamano_Motor:173
204;volvo;volvo  204;diesel;turbo;four;sedan;rwd;front;109.1;188.8;68.9;55.5;3217;ohc;six;145;0;0;idi;23;106;4800;26;27;22470;;CREATE(204:Auto { Model:volvo  204,tipo_combustible:diesel, aspiracion:turbo,numero_puertas:four,Body_style:sedan,Ruedas:rwd,ubicación_Motor:front,Tamano_Motor:145
205;volvo;volvo  205;gas;turbo;four;sedan;rwd;front;109.1;188.8;68.9;55.5;3062;ohc;four;141;0;0;mpfi;9.5;114;5400;19;25;22625;;CREATE(205:Auto { Model:volvo  205,tipo_combustible:gas, aspiracion:turbo,numero_puertas:four,Body_style:sedan,Ruedas:rwd,ubicación_Motor:front,Tamano_Motor:141
